#{"t_start": 1678171914.7915127, "env_id": "DemonAttack-v4"}
r,l,t
6505.0,6363,32.531729
4020.0,5158,45.211969
6465.0,7070,100.333488
1360.0,3253,108.290874
1040.0,2568,115.162446
7095.0,7412,183.287389
1100.0,2919,191.153568
4240.0,4853,229.310537
265.0,1276,232.944325
3765.0,5554,247.476704
6370.0,7707,297.983223
3735.0,4991,311.300789
295.0,1331,314.728062
3165.0,4183,354.746067
6500.0,7674,375.119481
7810.0,10267,434.047556
6580.0,9097,491.471069
3900.0,5431,506.616424
7235.0,8460,562.645237
6810.0,8969,585.69174
7055.0,9179,643.550294
6955.0,8894,698.113003
6950.0,7687,757.052022
310.0,1453,760.535127
8055.0,8717,785.443176
5110.0,6985,830.137427
8510.0,9361,891.650429
5720.0,6667,910.815436
3470.0,5341,956.08939
5960.0,6955,976.014329
4290.0,5943,1020.560218
4210.0,5231,1034.573006
6020.0,6285,1052.348203
5290.0,6887,1097.741807
4320.0,4517,1110.935603
5210.0,5811,1158.416539
7540.0,7896,1180.453362
5010.0,5983,1220.831589
5720.0,6639,1238.881266
6020.0,7454,1292.216947
6060.0,7609,1349.308873
4980.0,6404,1366.861552
6390.0,6929,1417.243955
6350.0,7876,1439.289081
8020.0,7331,1496.460356
6120.0,7180,1515.751252
6950.0,7009,1567.697715
7655.0,15924,1643.625812
6210.0,7715,1703.966591
7285.0,8333,1762.880192
7715.0,7881,1784.037725
5770.0,5915,1836.16787
9415.0,15285,1917.103511
6530.0,6626,1934.517882
7230.0,7950,1993.455064
7030.0,7275,2046.103013
5530.0,6975,2064.522224
8140.0,8364,2118.578566
7475.0,7662,2138.91707
7230.0,7281,2192.294929
5260.0,6073,2208.420465
6810.0,6782,2251.331285
7635.0,7720,2312.34403
7825.0,14357,2390.409149
5100.0,5982,2405.590302
8340.0,8803,2462.212506
8905.0,8971,2522.954421
7685.0,6535,2539.752804
8180.0,8801,2598.240311
5940.0,6735,2615.160897
7785.0,6907,2666.703739
8170.0,7607,2686.066575
