#{"t_start": 1678171914.6209579, "env_id": "DemonAttack-v4"}
r,l,t
6390.0,7295,34.408859
5940.0,7084,89.410893
5660.0,6339,105.708746
7555.0,7916,175.887181
7965.0,8026,196.811358
5440.0,5487,236.932384
500.0,1938,241.719021
4870.0,8057,293.890858
6490.0,7052,312.151849
3955.0,4681,353.593571
5210.0,8031,375.193918
5030.0,6100,422.268013
6450.0,6383,439.747839
5810.0,7685,493.980644
4680.0,5373,508.408565
6715.0,7220,561.135538
6715.0,7887,581.909231
6835.0,8269,636.602716
7725.0,8772,691.035759
5370.0,6070,706.872695
5500.0,8392,768.280609
7565.0,8478,817.587219
6340.0,7489,838.118932
6130.0,6808,892.446047
7895.0,7810,914.886482
6690.0,6540,963.89335
7625.0,8241,987.759086
6730.0,7023,1033.978564
7240.0,7490,1082.961322
6620.0,7047,1101.278266
5210.0,6556,1152.333173
6915.0,6563,1169.334043
355.0,1872,1174.817581
5510.0,6544,1217.54158
5320.0,9471,1276.980926
5870.0,7537,1296.582774
4840.0,6330,1349.815628
6250.0,7048,1369.505134
5530.0,6373,1417.974411
6170.0,6719,1436.842235
5280.0,7575,1494.929338
1720.0,3419,1503.680146
6270.0,6314,1553.92363
2995.0,4521,1566.18031
5820.0,11751,1630.769595
7830.0,10048,1697.381708
4420.0,5674,1712.076968
7645.0,7271,1768.315028
7225.0,7356,1788.354063
7815.0,7431,1843.92375
4090.0,4876,1857.636184
8625.0,9775,1923.222314
8075.0,7620,1981.166753
5360.0,6664,1999.158314
6290.0,7418,2051.879652
6890.0,7415,2071.238995
1780.0,2843,2110.231984
7605.0,8043,2131.903953
7895.0,8870,2189.312614
5990.0,6904,2208.158203
5470.0,6194,2248.797582
6930.0,7311,2268.546994
6570.0,7350,2329.018065
7855.0,8691,2391.680793
2940.0,3734,2401.11254
8435.0,10410,2461.940073
6020.0,6356,2478.177819
7550.0,6579,2532.727619
8480.0,10316,2594.530551
6550.0,7104,2612.835334
