#{"t_start": 1678171914.6252618, "env_id": "DemonAttack-v4"}
r,l,t
13530.0,10975,44.172482
5540.0,6770,98.691471
7905.0,8078,168.373967
190.0,1155,171.249923
5610.0,6860,189.576575
5090.0,6127,231.030959
4180.0,5181,244.833743
4810.0,5622,259.769693
5870.0,6453,306.834765
2280.0,3329,315.968982
4080.0,5228,358.774991
1540.0,2662,365.865142
6670.0,7194,384.7184
6095.0,7217,435.01878
5500.0,6375,485.637261
5760.0,7224,505.33291
7875.0,8581,561.548819
5990.0,7532,581.639182
7305.0,9215,638.635693
8425.0,8601,692.511084
5950.0,7679,713.307428
5160.0,6548,769.104736
8000.0,8654,819.007851
8035.0,8614,843.518433
6270.0,7580,899.529563
8000.0,8137,922.558988
8025.0,8002,976.148468
4300.0,5539,1019.552054
4610.0,5468,1033.974423
5370.0,6386,1052.373123
6895.0,8490,1102.487752
6845.0,7789,1156.19353
340.0,1645,1160.348678
7770.0,7788,1207.52377
6895.0,8069,1228.673975
5180.0,5749,1277.992906
5840.0,6539,1295.030116
5550.0,7143,1350.775943
7505.0,8194,1373.246644
5660.0,8355,1428.078411
5040.0,6161,1444.679223
6540.0,6940,1500.792294
7795.0,8426,1556.626055
6460.0,7596,1576.706864
8655.0,9267,1635.017471
5370.0,5668,1649.189332
7065.0,6698,1706.931292
2170.0,3576,1716.686367
2160.0,2941,1724.544987
7845.0,9040,1785.5497
7200.0,6784,1839.486007
7240.0,7989,1861.730408
7830.0,7229,1920.233813
5890.0,6312,1937.302651
6610.0,7444,1994.702621
7300.0,7353,2047.565304
8340.0,9443,2072.499597
7540.0,7995,2125.553509
6040.0,6073,2141.827883
6860.0,7706,2196.23193
8455.0,8381,2243.307628
5590.0,5058,2256.776776
6770.0,7858,2318.141142
5270.0,5676,2333.377459
8420.0,8701,2396.111959
8045.0,7445,2414.688624
6655.0,7154,2467.695307
6920.0,6523,2520.977061
7845.0,8539,2543.397321
6590.0,7284,2598.255289
7265.0,6704,2615.09252
7760.0,7257,2667.767161
6515.0,7564,2686.548121
