#{"t_start": 1678171914.7201655, "env_id": "DemonAttack-v4"}
r,l,t
3695.0,4780,28.712344
5590.0,6336,44.197425
8185.0,8649,103.32513
5530.0,5961,167.871476
4620.0,5860,183.024804
355.0,1685,187.363328
760.0,2967,195.199148
6520.0,6108,236.862039
4130.0,5263,250.967951
4720.0,6632,298.340384
6890.0,7531,318.6928
6850.0,6153,364.277861
4290.0,5506,378.242805
2555.0,4001,420.15036
5330.0,6937,438.64847
5770.0,8109,494.044554
6770.0,8116,515.454869
5580.0,6654,567.213898
5100.0,6790,584.388958
6550.0,7814,638.351583
7465.0,7383,688.792011
7735.0,9022,713.29281
5570.0,6415,768.814998
2000.0,4410,781.839011
8715.0,15514,850.928756
7860.0,9043,911.350841
8155.0,11463,974.564907
6830.0,11987,1035.446073
370.0,1583,1039.804087
7475.0,7248,1087.140202
5370.0,7153,1107.076959
8085.0,77484,1516.118215
8095.0,8759,1573.060175
7780.0,11931,1638.029694
5870.0,5972,1693.488188
8710.0,9468,1718.994125
5710.0,6786,1773.783741
13310.0,12095,1842.142559
5570.0,6134,1859.144491
4620.0,5548,1913.128195
6490.0,6390,1930.344641
7385.0,8111,1989.599146
1120.0,2396,1996.167134
7135.0,7551,2049.873684
6400.0,7076,2067.891401
13280.0,11606,2130.624385
6900.0,7200,2183.742182
5570.0,6314,2200.982554
6810.0,6332,2242.635217
6720.0,6608,2259.671679
2000.0,2761,2267.261859
4830.0,5780,2323.440701
6850.0,6888,2341.085938
7135.0,7928,2401.535589
7700.0,6756,2452.455621
5290.0,6867,2470.566214
4590.0,6026,2523.580238
6975.0,7173,2542.018204
4480.0,5233,2590.901453
7000.0,6724,2608.614156
5310.0,6078,2656.898121
8725.0,9734,2682.721617
