#{"t_start": 1678171914.6651425, "env_id": "DemonAttack-v4"}
r,l,t
1900.0,3286,24.890399
5950.0,5933,39.06837
2615.0,3873,85.387496
7015.0,7307,105.129964
6375.0,7192,172.465386
3860.0,4489,184.310737
3265.0,5212,198.042807
4210.0,4962,236.335625
5400.0,6331,253.874973
4200.0,5894,299.320719
6500.0,8303,321.530811
1960.0,3335,359.153506
7165.0,8749,382.206192
5190.0,5844,428.80009
6240.0,6930,447.985943
5810.0,5573,496.052686
4540.0,6131,512.366474
5350.0,6266,562.899652
5860.0,6835,580.804751
6660.0,7802,633.965979
6670.0,8576,688.138912
5850.0,7687,708.28082
6860.0,8213,768.956547
4490.0,6651,788.09936
5670.0,7319,833.54173
4860.0,5670,849.79839
5700.0,8727,909.580642
1540.0,3308,918.71244
5230.0,6151,966.559325
7030.0,7698,988.919326
8145.0,9189,1041.30969
5420.0,6100,1085.672199
6945.0,7528,1106.642173
8210.0,9671,1164.863269
6660.0,7239,1210.294616
4140.0,5849,1225.29016
6160.0,7307,1278.618257
1280.0,3340,1287.794224
5590.0,7088,1306.309345
6090.0,8495,1366.440985
5700.0,6737,1415.880298
6940.0,7610,1437.03662
7025.0,7001,1493.620284
6770.0,8421,1516.118905
8435.0,7763,1570.383213
6060.0,7142,1622.20189
6440.0,7219,1641.922465
6725.0,6741,1699.606159
6100.0,6205,1715.590789
4740.0,5665,1767.305245
12150.0,11671,1835.192339
5540.0,5932,1850.717858
8865.0,8778,1914.253561
8065.0,7931,1935.037571
4550.0,5860,1988.810749
6110.0,6995,2007.50756
5680.0,6727,2058.060606
7680.0,8983,2113.430095
7325.0,10198,2141.387613
7425.0,8729,2198.393847
6435.0,7365,2242.94363
4890.0,6015,2258.903661
6670.0,7404,2319.214664
6890.0,9664,2384.28917
6270.0,6262,2400.424591
7875.0,8051,2455.076796
6480.0,6458,2471.790551
8770.0,9129,2533.025486
6560.0,6029,2548.393872
7340.0,8600,2606.273396
9225.0,8502,2661.22417
7755.0,8019,2682.579156
